FUNCTION	6086	0x22580c	2	2	EX_Height
RETURN	6086	{data=10,struct=-1,rank=0}
VAR	6086	0	{data=12,struct=-1,rank=0}
VAR	6086	1	{data=10,struct=-1,rank=0}
FUNCTION	6094	0x225ae4	5	5	EX_A2String
RETURN	6094	{data=12,struct=-1,rank=0}
VAR	6094	0	{data=12,struct=-1,rank=0}
VAR	6094	1	{data=10,struct=-1,rank=0}
VAR	6094	2	{data=10,struct=-1,rank=0}
VAR	6094	3	{data=12,struct=-1,rank=0}
VAR	6094	4	{data=10,struct=-1,rank=0}
FUNCTION	6100	0x22603a	5	7	EX_SA2String
RETURN	6100	{data=12,struct=-1,rank=0}
VAR	6100	0	{data=12,struct=-1,rank=0}
VAR	6100	1	{data=12,struct=-1,rank=0}
VAR	6100	2	{data=12,struct=-1,rank=0}
VAR	6100	3	{data=12,struct=-1,rank=0}
VAR	6100	4	{data=10,struct=-1,rank=0}
VAR	6100	5	{data=10,struct=-1,rank=0}
VAR	6100	6	{data=10,struct=-1,rank=0}
FUNCTION	6103	0x226298	5	6	EX_RA2String
RETURN	6103	{data=12,struct=-1,rank=0}
VAR	6103	0	{data=12,struct=-1,rank=0}
VAR	6103	1	{data=10,struct=-1,rank=0}
VAR	6103	2	{data=12,struct=-1,rank=0}
VAR	6103	3	{data=12,struct=-1,rank=0}
VAR	6103	4	{data=10,struct=-1,rank=0}
VAR	6103	5	{data=10,struct=-1,rank=0}
FUNCTION	14312	0x38b276	1	3	parts::detail::CParts@DeletedEvent::add
RETURN	14312	{data=0,struct=-1,rank=0}
VAR	14312	0	{data=63,struct=136,rank=0}
VAR	14312	1	{data=82,struct=327,rank=1,sub={data=13,struct=327,rank=0}}
VAR	14312	2	{data=21,struct=327,rank=0}
FUNCTION	24980	0x51755e	4	5	OptionalExtensions::Match<DG_DeletedHandler?, DG_DeletedHandler>
RETURN	24980	{data=86,struct=136,rank=1,sub={data=63,struct=136,rank=0}}
VAR	24980	0	{data=82,struct=136,rank=1,sub={data=86,struct=136,rank=1,sub={data=63,struct=136,rank=0}}}
VAR	24980	1	{data=0,struct=-1,rank=0}
VAR	24980	2	{data=63,struct=824,rank=0}
VAR	24980	3	{data=63,struct=825,rank=0}
VAR	24980	4	{data=82,struct=136,rank=1,sub={data=63,struct=136,rank=0}}
FUNCTION	25144	0x38b358	1	1	parts::detail::CParts@<lambda : parts::detail::CParts@DeletedEvent::add(DG_DeletedHandler)(817, 61)>
RETURN	25144	{data=86,struct=136,rank=1,sub={data=63,struct=136,rank=0}}
VAR	25144	0	{data=82,struct=136,rank=1,sub={data=63,struct=136,rank=0}}
FUNCTION	25145	0x38b38e	0	0	parts::detail::CParts@<lambda : parts::detail::CParts@DeletedEvent::add(DG_DeletedHandler)(817, 77)>
RETURN	25145	{data=86,struct=136,rank=1,sub={data=63,struct=136,rank=0}}
FUNCTION	27605	0x5ae8fa	0	0	CustomerEffect@LoadFromEx
RETURN	27605	{data=0,struct=-1,rank=0}
FUNCTION	28149	0x5c33f2	1	1	Personality@0
RETURN	28149	{data=0,struct=-1,rank=0}
VAR	28149	0	{data=12,struct=-1,rank=0}
FUNCTION	28150	0x9ed0fa	0	0	Personality@2
RETURN	28150	{data=0,struct=-1,rank=0}
FUNCTION	28153	0x5c3592	0	3	Personality::GetIds
RETURN	28153	{data=79,struct=-1,rank=1,sub={data=12,struct=-1,rank=0}}
VAR	28153	0	{data=79,struct=-1,rank=1,sub={data=12,struct=-1,rank=0}}
VAR	28153	1	{data=10,struct=-1,rank=0}
VAR	28153	2	{data=10,struct=-1,rank=0}
FUNCTION	28947	0x5e60e0	0	19	CustomerCreator@Create
RETURN	28947	{data=82,struct=660,rank=1,sub={data=13,struct=660,rank=0}}
VAR	28947	0	{data=82,struct=-1,rank=1,sub={data=12,struct=-1,rank=0}}
VAR	28947	1	{data=82,struct=-1,rank=1,sub={data=12,struct=-1,rank=0}}
VAR	28947	2	{data=82,struct=803,rank=1,sub={data=13,struct=803,rank=0}}
VAR	28947	3	{data=82,struct=820,rank=1,sub={data=13,struct=820,rank=0}}
VAR	28947	4	{data=82,struct=-1,rank=1,sub={data=12,struct=-1,rank=0}}
VAR	28947	5	{data=79,struct=-1,rank=1,sub={data=12,struct=-1,rank=0}}
VAR	28947	6	{data=82,struct=-1,rank=1,sub={data=79,struct=-1,rank=1,sub={data=12,struct=-1,rank=0}}}
VAR	28947	7	{data=10,struct=-1,rank=0}
VAR	28947	8	{data=82,struct=-1,rank=1,sub={data=82,struct=-1,rank=1,sub={data=12,struct=-1,rank=0}}}
VAR	28947	9	{data=0,struct=-1,rank=0}
VAR	28947	10	{data=80,struct=-1,rank=1,sub={data=12,struct=-1,rank=0}}
VAR	28947	11	{data=82,struct=-1,rank=1,sub={data=79,struct=-1,rank=1,sub={data=12,struct=-1,rank=0}}}
VAR	28947	12	{data=79,struct=-1,rank=1,sub={data=12,struct=-1,rank=0}}
VAR	28947	13	{data=82,struct=-1,rank=1,sub={data=79,struct=-1,rank=1,sub={data=12,struct=-1,rank=0}}}
VAR	28947	14	{data=10,struct=-1,rank=0}
VAR	28947	15	{data=82,struct=-1,rank=1,sub={data=82,struct=-1,rank=1,sub={data=12,struct=-1,rank=0}}}
VAR	28947	16	{data=0,struct=-1,rank=0}
VAR	28947	17	{data=80,struct=-1,rank=1,sub={data=12,struct=-1,rank=0}}
VAR	28947	18	{data=21,struct=662,rank=0}
FUNCTION	28980	0x5e8530	0	9	WorkerCreator@Create
RETURN	28980	{data=13,struct=701,rank=0}
VAR	28980	0	{data=82,struct=-1,rank=1,sub={data=12,struct=-1,rank=0}}
VAR	28980	1	{data=82,struct=803,rank=1,sub={data=13,struct=803,rank=0}}
VAR	28980	2	{data=82,struct=820,rank=1,sub={data=13,struct=820,rank=0}}
VAR	28980	3	{data=79,struct=-1,rank=1,sub={data=12,struct=-1,rank=0}}
VAR	28980	4	{data=80,struct=-1,rank=1,sub={data=12,struct=-1,rank=0}}
VAR	28980	5	{data=10,struct=-1,rank=0}
VAR	28980	6	{data=82,struct=-1,rank=1,sub={data=82,struct=-1,rank=1,sub={data=12,struct=-1,rank=0}}}
VAR	28980	7	{data=0,struct=-1,rank=0}
VAR	28980	8	{data=80,struct=-1,rank=1,sub={data=12,struct=-1,rank=0}}
FUNCTION	32260	0x6b8fec	2	6	PersonalityDetailView::CreateComponent
RETURN	32260	{data=89,struct=17,rank=0}
VAR	32260	0	{data=89,struct=397,rank=0}
VAR	32260	1	{data=0,struct=-1,rank=0}
VAR	32260	2	{data=13,struct=1018,rank=0}
VAR	32260	3	{data=21,struct=706,rank=0}
VAR	32260	4	{data=82,struct=389,rank=1,sub={data=100,struct=389,rank=0}}
VAR	32260	5	{data=0,struct=-1,rank=0}
DELEGATE	824	args=1	return={data=86,struct=136,rank=1,sub={data=63,struct=136,rank=0}}
DGVAR	824	0	{data=82,struct=136,rank=1,sub={data=63,struct=136,rank=0}}
DELEGATE	825	args=0	return={data=86,struct=136,rank=1,sub={data=63,struct=136,rank=0}}
INSN	25144	0x38b358	PUSHLOCALPAGE
INSN	25144	0x38b35a	PUSH	0
INSN	25144	0x38b360	PUSHLOCALPAGE
INSN	25144	0x38b362	X_GETENV
INSN	25144	0x38b364	PUSH	0
INSN	25144	0x38b36a	X_REF	1
INSN	25144	0x38b370	A_REF
INSN	25144	0x38b372	DG_PLUSA
INSN	25144	0x38b374	PUSH	0
INSN	25144	0x38b37a	RETURN
INSN	25144	0x38b37c	ENDFUNC	25144
INSN	25145	0x38b38e	PUSHLOCALPAGE
INSN	25145	0x38b390	X_GETENV
INSN	25145	0x38b392	PUSH	1
INSN	25145	0x38b398	X_REF	1
INSN	25145	0x38b39e	PUSH	64
INSN	25145	0x38b3a4	PUSHLOCALPAGE
INSN	25145	0x38b3a6	X_GETENV
INSN	25145	0x38b3a8	PUSH	0
INSN	25145	0x38b3ae	X_REF	1
INSN	25145	0x38b3b4	A_REF
INSN	25145	0x38b3b6	PUSH	0
INSN	25145	0x38b3bc	X_OP_SET	2
INSN	25145	0x38b3c2	RETURN
INSN	25145	0x38b3c4	ENDFUNC	25145
INSN	24980	0x51755e	PUSHLOCALPAGE
INSN	24980	0x517560	PUSH	4
INSN	24980	0x517566	PUSHLOCALPAGE
INSN	24980	0x517568	PUSH	0
INSN	24980	0x51756e	X_REF	2
INSN	24980	0x517574	X_DUP	2
INSN	24980	0x51757a	PUSH	1
INSN	24980	0x517580	ADD
INSN	24980	0x517582	X_REF	1
INSN	24980	0x517588	PUSH	1
INSN	24980	0x51758e	GTE
INSN	24980	0x517590	IFNZ	5338530
INSN	24980	0x517596	X_REF	1
INSN	24980	0x51759c	JUMP	5338540
INSN	24980	0x5175a2	POP
INSN	24980	0x5175a4	POP
INSN	24980	0x5175a6	PUSH	-1
INSN	24980	0x5175ac	X_DUP	1
INSN	24980	0x5175b2	PUSH	-1
INSN	24980	0x5175b8	NOTE
INSN	24980	0x5175ba	X_MOV	4	1
INSN	24980	0x5175c4	X_ASSIGN	1
INSN	24980	0x5175ca	SP_INC
INSN	24980	0x5175cc	IFNZ	5338620
INSN	24980	0x5175d2	PUSHLOCALPAGE
INSN	24980	0x5175d4	PUSH	4
INSN	24980	0x5175da	X_DUP	2
INSN	24980	0x5175e0	X_REF	1
INSN	24980	0x5175e6	DELETE
INSN	24980	0x5175e8	PUSH	-1
INSN	24980	0x5175ee	X_ASSIGN	1
INSN	24980	0x5175f4	POP
INSN	24980	0x5175f6	JUMP	5338714
INSN	24980	0x5175fc	PUSHLOCALPAGE
INSN	24980	0x5175fe	PUSH	2
INSN	24980	0x517604	X_REF	1
INSN	24980	0x51760a	PUSHLOCALPAGE
INSN	24980	0x51760c	PUSH	4
INSN	24980	0x517612	X_REF	1
INSN	24980	0x517618	DG_CALLBEGIN	824
INSN	24980	0x51761e	DG_CALL	824	5338670
INSN	24980	0x517628	JUMP	5338654
INSN	24980	0x51762e	RETURN
INSN	24980	0x517630	PUSHLOCALPAGE
INSN	24980	0x517632	PUSH	4
INSN	24980	0x517638	X_DUP	2
INSN	24980	0x51763e	X_REF	1
INSN	24980	0x517644	DELETE
INSN	24980	0x517646	PUSH	-1
INSN	24980	0x51764c	X_ASSIGN	1
INSN	24980	0x517652	POP
INSN	24980	0x517654	JUMP	5338752
INSN	24980	0x51765a	PUSHLOCALPAGE
INSN	24980	0x51765c	PUSH	3
INSN	24980	0x517662	X_REF	1
INSN	24980	0x517668	DG_CALLBEGIN	825
INSN	24980	0x51766e	DG_CALL	825	5338750
INSN	24980	0x517678	JUMP	5338734
INSN	24980	0x51767e	RETURN
INSN	24980	0x517680	PUSH	-1
INSN	24980	0x517686	PUSH	1
INSN	24980	0x51768c	RETURN
INSN	24980	0x51768e	ENDFUNC	24980
INSN	27605	0x5ae9b8	NEW	706	28149
INSN	28149	0x5c33f2	PUSHSTRUCTPAGE
INSN	28149	0x5c33f4	PUSH	28150
INSN	28149	0x5c33fa	CALLMETHOD	0
INSN	28149	0x5c3400	PUSHSTRUCTPAGE
INSN	28149	0x5c3402	PUSH	0
INSN	28149	0x5c3408	X_DUP	2
INSN	28149	0x5c340e	X_REF	1
INSN	28149	0x5c3414	DELETE
INSN	28149	0x5c3416	PUSHLOCALPAGE
INSN	28149	0x5c3418	PUSH	0
INSN	28149	0x5c341e	X_REF	1
INSN	28149	0x5c3424	A_REF
INSN	28149	0x5c3426	X_ASSIGN	1
INSN	28149	0x5c342c	POP
INSN	28149	0x5c342e	PUSHLOCALPAGE
INSN	28149	0x5c3430	PUSH	0
INSN	28149	0x5c3436	X_REF	1
INSN	28149	0x5c343c	A_REF
INSN	28149	0x5c343e	S_PUSH	0	stringhex=
INSN	28149	0x5c3444	S_NOTE
INSN	28149	0x5c3446	S_PUSH	4400	stringhex=6173736572742820696420213d20222220293b
INSN	28149	0x5c344c	S_PUSH	4401	stringhex=444a4350505c6d6f64656c5c4c6f63616c47616d655c576f726b65725c506572736f6e616c6974795c506572736f6e616c6974792e6a6166
INSN	28149	0x5c3452	PUSH	27
INSN	28149	0x5c3458	ASSERT
INSN	28149	0x5c345a	RETURN
INSN	28153	0x5c3592	PUSHLOCALPAGE
INSN	28153	0x5c3594	PUSH	0
INSN	28153	0x5c359a	X_DUP	2
INSN	28153	0x5c35a0	X_REF	1
INSN	28153	0x5c35a6	DELETE
INSN	28153	0x5c35a8	PUSH	0
INSN	28153	0x5c35ae	X_A_INIT	0
INSN	28153	0x5c35b4	POP
INSN	28153	0x5c35b6	PUSHLOCALPAGE
INSN	28153	0x5c35b8	PUSH	1
INSN	28153	0x5c35be	S_PUSH	4402	stringhex=ccd8e1e794b593fe
INSN	28153	0x5c35c4	PUSH	0
INSN	28153	0x5c35ca	CALLFUNC	6086
INSN	28153	0x5c35d0	X_ASSIGN	1
INSN	28153	0x5c35d6	POP
INSN	28153	0x5c35d8	PUSHLOCALPAGE
INSN	28153	0x5c35da	PUSH	2
INSN	28153	0x5c35e0	PUSH	0
INSN	28153	0x5c35e6	X_ASSIGN	1
INSN	28153	0x5c35ec	POP
INSN	28153	0x5c35ee	PUSHLOCALPAGE
INSN	28153	0x5c35f0	PUSH	2
INSN	28153	0x5c35f6	X_REF	1
INSN	28153	0x5c35fc	PUSHLOCALPAGE
INSN	28153	0x5c35fe	PUSH	1
INSN	28153	0x5c3604	X_REF	1
INSN	28153	0x5c360a	LT
INSN	28153	0x5c360c	IFZ	6043252
INSN	28153	0x5c3612	PUSHLOCALPAGE
INSN	28153	0x5c3614	PUSH	0
INSN	28153	0x5c361a	X_REF	1
INSN	28153	0x5c3620	S_PUSH	4402	stringhex=ccd8e1e794b593fe
INSN	28153	0x5c3626	PUSHLOCALPAGE
INSN	28153	0x5c3628	PUSH	2
INSN	28153	0x5c362e	X_REF	1
INSN	28153	0x5c3634	S_PUSH	4341	stringhex=6964
INSN	28153	0x5c363a	S_PUSH	0	stringhex=
INSN	28153	0x5c3640	PUSH	0
INSN	28153	0x5c3646	CALLFUNC	6103
INSN	28153	0x5c364c	CALLHLL	4	8	2
INSN	28153	0x5c365a	PUSHLOCALPAGE
INSN	28153	0x5c365c	PUSH	2
INSN	28153	0x5c3662	X_DUP	2
INSN	28153	0x5c3668	INC
INSN	28153	0x5c366a	POP
INSN	28153	0x5c366c	POP
INSN	28153	0x5c366e	JUMP	6043118
INSN	28153	0x5c3674	PUSHLOCALPAGE
INSN	28153	0x5c3676	PUSH	0
INSN	28153	0x5c367c	X_REF	1
INSN	28153	0x5c3682	A_REF
INSN	28153	0x5c3684	RETURN
INSN	28153	0x5c3686	PUSH	-1
INSN	28153	0x5c368c	RETURN
INSN	28153	0x5c368e	EOF	1529
INSN	28947	0x5e67a4	NEW	706	28149
INSN	28980	0x5e8b88	NEW	706	28149
INSN	32260	0x6b9008	NEW	706	28149
INSN	28150	0x9ed0fa	PUSHSTRUCTPAGE
INSN	28150	0x9ed0fc	PUSH	0
INSN	28150	0x9ed102	X_DUP	2
INSN	28150	0x9ed108	X_REF	1
INSN	28150	0x9ed10e	DELETE
INSN	28150	0x9ed110	S_PUSH	0	stringhex=
INSN	28150	0x9ed116	X_ASSIGN	1
INSN	28150	0x9ed11c	POP
INSN	28150	0x9ed11e	RETURN
INSN	28150	0x9ed120	ENDFUNC	28150
